fold,ROC_AUC
1,0.6125
2,0.5833333333333334
3,0.8125
4,0.5848214285714286
5,0.6071428571428572
