fold,ROC_AUC
1,0.873992673992674
2,0.8941048534798535
3,0.852652516994907
4,0.8960086559269056
5,0.9125362094825908
